File,Title,Author ID
206139443.html,Concepts,343305619
206536063.html,Management of API Keys,343305619
206142126.html,User Roles And Permissions,343305619
206454663.html,RevAPM Quick Start Guide,343305619
206076276.html,How to Setup your Two-Factor Authentication,343305619
206075116.html,Getting Help,343305619
205936516.html,Overview of RevAPM API,343305619
206268213.html,How to Create a Domain,343305619
205935886.html,How to Create a User,343305619
205836036.html,RevAPM Object Caching Configuration User Guide,343305619
206152493.html,RevAPM Product Terms and Definitions,343305619
206076386.html,How to Disable Two-Factor Authentication,343305619
205967666.html,Customer API Authentication,343305619
206280013.html,How to Get the Domain Configuration,343305619
206268153.html,How to Get a User Profile,343305619
205821996.html,RevAPM Caching Rules,343305619
206283493.html,User Management,343305619
206268223.html,How to Modify a Domain,343305619
206279703.html,How to Modify a User,343305619
206170623.html,Supported Wildcard Patterns,343305619
205956336.html,Domain Management,343305619
206268163.html,How to Delete a User,343305619
206170753.html,Execution Order of Caching Rules,343305619
206196283.html,Caching Rule Structure,343305619
206174553.html,Caching Rule Parameters,343305619
205875346.html,Caching Rule Examples,343305619
206255833.html,Web Cookies,343305619
206256193.html,URL Query String,343305619
205886766.html,How to Purge Cached Objects,343305619
